Number,Hemisphere,Stage,Relative mean local field potential,Increase or decrease in sleep,Relative depth %,Relative standard deviation %
2,left,light,2.0,decrease,34.53454494309288%,2.5580090275482337%
2,left,light,4.0,decrease,8.41625559436849%,12.639414579416927%
2,left,light,6.0,increase,-9.84044972542225%,7.684848977984225%
2,left,light,10.0,decrease,9.76426540500516%,12.580604917517402%
2,left,light,2.0,decrease,0.182940543992977%,10.522965431851416%
2,left,rem,4.0,increase,-18.990546680023254%,18.60326826401313%
2,left,light,5.0,decrease,0.7203123451350023%,11.220875730977314%
2,left,light,5.0,increase,-5.7211325703854845%,3.6776860921951156%
2,left,deep,2.0,decrease,0.5061886450926344%,9.894928046743939%
2,left,light,8.0,decrease,7.397525010604138%,10.69409862906106%
2,left,light,2.0,increase,-10.508724131191501%,0.42651852376612087%
2,left,rem,7.0,decrease,8.283312798314183%,11.67842630852761%
2,left,deep,4.0,increase,-26.430311109823812%,5.243212248587194%
2,left,light,8.0,decrease,19.86578871735012%,14.61670722844329%
2,left,deep,3.0,decrease,5.845520865904684%,6.636276796064883%
2,left,deep,6.0,decrease,6.524922416122547%,8.898107683493734%
2,left,light,11.0,decrease,19.0081742557658%,19.17293798494546%
2,left,deep,2.0,increase,-3.4974048073861645%,7.082309573092606%
2,left,rem,11.0,increase,-13.259456091442287%,6.851265769234994%
2,left,light,7.0,increase,-0.32441881043286086%,22.72764296409543%
2,left,light,7.0,decrease,0.49273980413165086%,19.6383559467109%
2,left,light,3.0,decrease,0.33227489741962335%,5.813343578233215%
2,left,light,9.0,decrease,8.659360931826733%,15.142986240295079%
2,left,deep,3.0,increase,-14.253673891796367%,13.149878395245466%
2,left,light,2.0,decrease,2.43644289978379%,2.5712973861329003%
2,left,light,2.0,increase,-6.770732576628938%,12.51073568978322%
2,left,deep,5.0,increase,-4.8643891659791025%,7.66791420352763%
2,left,light,3.0,decrease,8.442972276170197%,12.954635231984682%
2,left,light,3.0,decrease,5.376693487472866%,5.63110622409235%
2,left,light,6.0,increase,-4.8969257220910665%,12.867087074177059%
2,left,light,5.0,increase,-14.156392923081768%,20.224324882851956%
2,left,restless,2.0,decrease,4.688834375059535%,2.562280563037168%
2,left,restless,6.0,increase,-4.181296883981312%,16.36982083277518%
2,left,restless,3.0,decrease,4.289007554671354%,4.61968122643511%
2,left,light,10.0,decrease,11.577461630750081%,24.25655945881808%
2,left,light,4.0,decrease,0.9800472310987783%,2.9183606136939066%
2,left,deep,3.0,increase,-20.4012768714857%,20.95080158730223%
2,left,light,3.0,decrease,0.6004749054716956%,2.783882181415011%
2,left,rem,4.0,decrease,1.679016391683531%,8.786400259872993%
2,left,rem,2.0,decrease,1.3421167828049754%,20.980091309930533%
2,left,light,6.0,increase,-0.3435172573737236%,8.409632545296947%
2,right,light,2.0,decrease,47.841741164944374%,3.243077784311766%
2,right,light,4.0,decrease,14.318380061461694%,9.200643424780196%
2,right,light,6.0,decrease,3.172803749071872%,9.528405136027136%
2,right,light,10.0,increase,-13.106099326662568%,24.097560843887997%
2,right,light,2.0,decrease,4.311764715705611%,11.491643626098544%
2,right,rem,4.0,increase,-22.794713451745704%,15.35549978451913%
2,right,light,5.0,decrease,6.560485066754536%,12.479346642477848%
2,right,light,5.0,decrease,17.350768809440194%,4.184920531233023%
2,right,deep,2.0,increase,-0.7241159025274398%,12.984677909615872%
2,right,light,8.0,decrease,15.756308849833085%,18.167958108991986%
2,right,light,2.0,increase,-27.97712036824767%,0.32979328357227145%
2,right,rem,7.0,decrease,10.6914409933859%,18.288757874371694%
2,right,deep,4.0,increase,-42.070786476495286%,20.254377625036984%
2,right,light,8.0,decrease,26.94549717110442%,13.782212302191516%
2,right,deep,3.0,decrease,11.338302252418876%,9.283693767178542%
2,right,deep,6.0,decrease,6.610735919515834%,10.944697385236221%
2,right,light,11.000000000000002,decrease,17.94794235140277%,20.558745907596677%
2,right,deep,2.0,increase,-5.767632880843833%,11.525932008991589%
2,right,rem,11.0,increase,-3.194939070122296%,9.374253006613447%
2,right,light,7.0,increase,-0.656313824034888%,23.783547437714144%
2,right,light,7.0,increase,-0.40864238939230096%,11.58265138477395%
2,right,light,3.0,increase,-0.4406233111973119%,6.107468910996498%
2,right,light,9.0,decrease,22.682481741562288%,17.458859832992463%
2,right,deep,3.0,increase,-17.68172166082799%,13.993163999941135%
2,right,light,2.0,decrease,0.9837510400816963%,2.0313121995453076%
2,right,light,2.0,increase,-5.932817652841142%,13.098681346940754%
2,right,deep,5.0,decrease,0.15736332229850367%,6.990650061939283%
2,right,light,3.0,decrease,4.43532109148844%,16.64624097272342%
2,right,light,3.0,decrease,0.5594889743202905%,8.949363904434021%
2,right,light,6.0,increase,-4.827848792986253%,17.434765260061095%
2,right,light,5.0,increase,-4.705641963018436%,17.538644463697636%
2,right,restless,2.0,decrease,2.9716830163629875%,4.897192234568994%
2,right,restless,6.0,increase,-3.1501544777081234%,13.515753412209985%
2,right,restless,3.0,decrease,6.706882233570209%,5.033013368687118%
2,right,light,10.0,decrease,16.845120289051%,22.00502051532592%
2,right,light,4.0,decrease,2.373527366054807%,1.7717084672307526%
2,right,deep,3.0,increase,-15.187226419476344%,15.855125854224394%
2,right,light,3.0,increase,-0.90836706350538%,2.504992307964262%
2,right,rem,4.0,decrease,2.572174734624636%,8.196649054340996%
2,right,rem,2.0,decrease,4.778959827357395%,21.333291500333402%
2,right,light,6.0,decrease,4.183348665250163%,9.761841581251256%
3,right,light,5.0,decrease,5.991040034925798%,2.1492020018128946%
3,right,rem,2.0,increase,-4.484845730903811%,3.1032899487810863%
3,right,deep,2.0,decrease,3.570296305328618%,3.6732819801898575%
3,right,light,7.0,increase,-6.502584141576763%,7.371147371135281%
3,right,light,4.0,increase,-2.6882320713122887%,5.303300858899106%
3,right,rem,2.0,increase,-6.256750707412542%,6.405845404477434%
3,right,deep,3.0,increase,-10.723830182393012%,6.681068642117968%
3,right,light,14.000000000000002,increase,-1.8586220313689914%,13.320769264665799%
3,right,restless,5.0,decrease,0.82939413697465%,6.552173052295067%
3,right,restless,6.999999999999999,decrease,3.5121508628556684%,18.96229702040976%
3,right,restless,2.0,decrease,3.962106105802987%,25.748986429762237%
3,right,restless,4.0,increase,-1.0104021090692261%,6.451612903225806%
3,right,light,7.0,decrease,16.448248640200564%,20.652191310003083%
3,right,deep,2.0,decrease,5.05591658758663%,8.264884455427177%
3,right,rem,3.0,increase,-3.2301785960690554%,4.966255014693525%
3,right,light,7.000000000000001,increase,-2.356087787635768%,8.01476288439673%
4,left,light,2.0,decrease,1.164129094625421%,0.6457596175219613%
4,left,light,5.0,decrease,7.509972113382041%,18.5030027593121%
4,left,deep,3.0,increase,-16.171977302487996%,36.447158033510966%
4,left,light,5.0,decrease,2.8556780983460164%,29.782183583588683%
4,left,rem,5.0,increase,-42.605601987802125%,26.48163921466566%
4,left,light,2.0,increase,-2.111181806075488%,0.45182541928852876%
4,left,light,6.0,increase,-6.295178115179202%,20.348757683609602%
4,left,rem,2.0,increase,-4.578947368421055%,10.149858103156186%
4,left,light,12.0,increase,-1.8893387314439944%,12.196013478227618%
4,left,rem,4.0,decrease,42.52724132268706%,7.518796992481203%
4,left,light,11.0,increase,-4.093027691507876%,20.413106126862385%
4,left,light,2.0,increase,-24.078985109777033%,24.732882929394933%
4,left,deep,7.0,increase,-8.55464579134154%,24.435288485424486%
4,left,light,16.0,decrease,5.043150257497311%,20.244478123979484%
4,left,rem,2.0,increase,-23.761973896628287%,14.468851628239584%
4,left,rem,6.0,decrease,2.751696184399737%,8.45971190796488%
4,left,light,3.0,decrease,2.6988360249123233%,3.5870874712964915%
4,left,restless,2.0,increase,-1.541349050259256%,26.51650429449553%
4,left,restless,2.0,decrease,1.44132726269638%,0.0%
4,left,restless,3.0,increase,-3.0426156543701186%,8.18995604083452%
4,left,restless,3.0,increase,-2.792494970962248%,8.689660757568884%
4,left,light,9.0,decrease,1.5364956655841302%,11.354670464992441%
4,left,rem,6.0,decrease,4.876920064788286%,27.276857597869775%
4,left,deep,2.0,decrease,3.6076448194050275%,5.892556509887895%
4,left,deep,3.0,increase,-7.779848186931276%,12.374987122442292%
4,left,light,6.0,increase,-1.4888106584987884%,5.772930008991323%
4,left,light,7.0,increase,-2.5585109650469877%,12.678702887257556%
4,left,rem,5.0,increase,-0.9125130707563535%,12.927727014427115%
4,left,light,3.0,increase,-9.228112809362402%,13.45118498615386%
4,right,light,2.0,decrease,15.470193631356983%,3.8825720215583273%
4,right,light,5.0,increase,-7.075717661234332%,12.76493591719274%
4,right,deep,3.0,increase,-20.85362228576281%,11.551833837269783%
4,right,light,5.0,decrease,3.774789042040156%,15.208492345265205%
4,right,rem,5.0,decrease,36.67258248463459%,33.26855728413655%
4,right,light,2.0,decrease,7.5293853162399245%,40.783049049122646%
4,right,light,6.0,decrease,5.8539266065614886%,25.706731294456077%
4,right,rem,2.0,decrease,8.042305144947766%,20.390986248170208%
4,right,light,12.0,increase,-43.81421358539308%,30.268966930005014%
4,right,rem,4.0,increase,-29.440773547477477%,12.947766027618792%
4,right,light,11.000000000000002,decrease,14.223047917325873%,40.49052306200989%
4,right,light,2.0,increase,-1.5910140653489586%,8.042252050741578%
4,right,deep,7.000000000000001,increase,-3.4713915535676176%,16.852022751650246%
4,right,light,16.0,increase,-14.8079091444871%,23.610919464192488%
4,right,rem,2.0,decrease,42.649986947054764%,41.87221577998714%
4,right,rem,6.0,decrease,3.2305601740749723%,24.490956785312818%
4,right,light,3.0,increase,-84.39205146029539%,43.42786031362043%
4,right,restless,2.0,increase,-11.155087126765421%,42.18021882358438%
4,right,restless,2.0,decrease,0.8328701065363271%,1.5830748832534645%
4,right,restless,3.0,decrease,6.608047059696324%,7.956114782711259%
4,right,restless,3.0,decrease,0.4563296432207779%,9.926989253910792%
4,right,light,9.0,decrease,37.61148077843167%,21.128188071433552%
4,right,rem,6.0,increase,-52.28263209865545%,29.95019944409793%
4,right,deep,2.0,decrease,5.814384960057005%,4.982815242185793%
4,right,deep,3.0,decrease,13.622859424723968%,23.32408541247169%
4,right,light,6.0,increase,-4.595019973425242%,34.15795371003264%
4,right,light,6.999999999999999,increase,-3.555657282508007%,11.414064557211784%
4,right,rem,5.0,decrease,8.098860223629567%,16.301968000815037%
4,right,light,3.0,decrease,3.9544494317488943%,5.148727972331999%
5,right,light,5.0,decrease,47.13452049287757%,35.14264128608781%
5,right,deep,2.0,increase,-153.99463721399275%,55.35693163077126%
5,right,light,3.0,decrease,43.52958282498795%,10.303491465431042%
5,right,deep,2.0,increase,-106.52272396485895%,16.164526727382718%
5,right,light,4.0,decrease,3.4539488167683396%,39.91347072011984%
5,right,rem,3.0,decrease,12.951568796647205%,15.458026877119051%
5,right,light,4.0,decrease,49.02402184032068%,9.585309804955786%
5,right,deep,2.0,increase,-6.044426229796901%,43.55934038801107%
5,right,light,10.0,decrease,17.468088543873435%,53.67548246949022%
5,right,light,11.0,increase,-53.01897961341455%,119.42657070780595%
5,right,rem,3.0,decrease,18.774592481497766%,2.270958261746782%
5,right,light,2.0,increase,-10.789876944508935%,6.065866995472835%
5,right,light,8.0,increase,-10.758753438139609%,62.225409167898874%
5,right,restless,4.0,decrease,3.24494094950183%,90.6752018690249%
5,right,light,11.0,decrease,20.10808497766249%,140.31823972538982%
5,right,deep,6.0,decrease,50.10278666141777%,45.65798128872194%
5,right,light,4.0,increase,-39.492128874480294%,48.035187614753845%
5,right,deep,4.0,increase,-82.92631870478674%,64.72110242228672%
5,right,deep,2.0,decrease,12.579605026078688%,3.7718278255950137%
5,right,light,6.0,decrease,4.1945496577364905%,48.745521378751356%
5,right,rem,2.0,increase,-52.71167849136022%,41.56074210471838%
5,right,light,9.0,decrease,59.86821224427731%,8.850786337342658%
5,right,light,4.0,decrease,59.99836859917681%,93.4326222870391%
5,right,light,10.0,increase,-13.384450048802371%,129.90309779994863%
5,right,light,3.0,increase,-0.3865004669205963%,33.95914478618915%
5,right,deep,9.0,increase,-353.5466124008799%,191.777104303105%
5,right,light,8.0,decrease,66.2309679956644%,24.485339384065664%
5,right,rem,5.0,decrease,41.24531832296887%,74.78743454640114%
5,right,light,25.0,decrease,99.3794519508154%,125.54657818853481%
5,right,deep,7.0,increase,-176.87462362587365%,60.58847349076104%
5,right,light,8.0,decrease,0.7406803196037701%,65.88209003203397%
5,right,light,2.0,increase,-14.512106024405352%,8.104486825773975%
5,right,rem,3.0,increase,-3.1197017783135266%,13.526730806025231%
6,left,deep,2.0,increase,-10.573599056279704%,5.261722843637651%
6,left,light,3.0,increase,-59.10463319631779%,26.947936621171632%
6,left,light,3.0,increase,-14.414672040730597%,7.142102962774577%
6,left,rem,3.0,increase,-20.193293119778094%,12.363989854496001%
6,left,light,28.000000000000004,increase,-34.58355111939426%,27.245603790901356%
6,left,light,6.999999999999999,increase,-1.109996208228544%,13.25512211105169%
6,left,light,2.0,increase,-40.98911735240039%,24.944361195565847%
6,left,light,7.0,increase,-22.516887717967595%,39.549293501881635%
6,left,rem,2.0,increase,-49.7144648532293%,0.002807977576064297%
6,left,light,4.0,increase,-12.452307221426103%,22.20167775403301%
6,left,light,14.999999999999998,decrease,13.014190140344969%,32.62825963794078%
6,left,deep,4.0,decrease,15.477774401356523%,46.2206444140989%
6,left,light,10.0,decrease,17.584308045993044%,28.956172318964168%
6,left,deep,5.0,increase,-23.259334052470955%,24.477608778724257%
6,left,light,4.0,increase,-13.212067092500362%,27.835503030237113%
6,left,deep,2.0,decrease,7.16401988842649%,0.003596757095833524%
6,left,light,12.0,decrease,0.335225407225186%,28.718116540989897%
6,left,rem,2.0,decrease,29.26073000402693%,20.185873005607956%
6,left,light,5.0,increase,-9.075910095641012%,20.690346927850317%
6,left,light,5.0,increase,-0.010159364934294243%,20.776620633162914%
6,left,deep,2.0,decrease,14.36498626096922%,28.262052678065025%
6,left,rem,3.0,decrease,12.667686582955037%,11.171383917395518%
6,left,light,5.0,decrease,13.496918039877995%,24.479204711747375%
6,left,deep,4.0,increase,-12.27192695234428%,7.995791302225723%
6,left,light,6.0,increase,-11.52921832779299%,15.640237777670443%
6,left,light,7.0,increase,-32.581253269571434%,23.17977592371051%
6,left,rem,2.0,decrease,10.408992767690936%,8.313383492298524%
6,left,light,11.0,decrease,12.87988904553229%,21.45739928298856%
6,left,light,6.0,increase,-12.991867441056867%,14.106967604992388%
6,left,light,4.0,increase,-11.897050329689126%,37.75168568814105%
6,left,light,7.0,increase,-192.68990983426048%,74.45048627237341%
6,left,deep,3.0,increase,-45.59455018322958%,4.02695582010194%
6,left,rem,4.0,decrease,62.063715492494445%,131.3920367831467%
6,left,light,7.0,increase,-11.825585213679945%,15.509692042625522%
6,left,light,3.0,increase,-6.473308395730376%,8.327143502687631%
6,left,light,7.0,decrease,6.409086201214824%,25.726357226288453%
6,left,rem,3.0,increase,-2.7196960447232787%,10.814029196125635%
6,left,light,14.0,decrease,2.179013202521373%,10.449071121295406%
6,left,deep,5.0,decrease,20.771688384633208%,18.69859781329202%
6,left,light,7.0,decrease,4.2297174247823905%,10.151389901087487%
6,left,rem,2.0,increase,-24.190430846778465%,33.66871697922745%
6,left,light,3.0,decrease,3.722918622422329%,9.882190266256504%
6,left,rem,5.0,increase,-8.674909155169315%,10.73405353465753%
6,left,light,9.0,increase,-2.0530409591832814%,20.023474506523975%
6,left,light,11.0,increase,-2.5679413668045523%,25.40833536521146%
6,left,rem,2.0,increase,-11.863528386561164%,10.09558835175124%
6,left,light,4.0,decrease,15.27399952432581%,14.633039217957458%
6,left,deep,5.0,increase,-36.66104056983487%,34.90875783772003%
6,left,rem,2.0,decrease,0.40597056016617916%,0.00898059302258004%
6,left,light,8.0,increase,-36.901985214731084%,41.81654439758595%
6,left,deep,2.0,decrease,34.01070581041206%,76.11098690431862%
6,left,light,12.0,decrease,2.381788261261699%,51.80493355279167%
6,right,deep,2.0,increase,-2.6112431112455954%,18.445363133472043%
6,right,light,3.0,increase,-28.445771209353836%,22.221552440195268%
6,right,light,3.0,increase,-28.90547540916512%,12.370670254029777%
6,right,rem,3.0,increase,-12.246208621079553%,32.86556660730481%
6,right,light,28.0,decrease,46.79704724753199%,33.8756035909437%
6,right,light,7.0,increase,-25.189266064289523%,17.76535855706817%
6,right,light,2.0,increase,-72.65430576708403%,20.2022764837808%
6,right,light,7.0,increase,-152.68480029222033%,76.89424258756651%
6,right,rem,2.0,increase,-9733.717098928902%,10.87787493856701%
6,right,light,4.0,increase,-5.39518985930298%,0.8691358549437889%
6,right,light,14.999999999999998,increase,-4.871289728875174%,12.304296846881554%
6,right,deep,4.0,decrease,8.869413796389575%,9.707814748752282%
6,right,light,10.0,increase,-21.440760183813108%,8.245887844930875%
6,right,deep,5.0,increase,-5.889759256810755%,2.351836631659639%
6,right,light,4.0,increase,-14.86165693838826%,11.011506419459195%
6,right,deep,2.0,decrease,20.983008108813785%,7.8286822202796325%
6,right,light,12.0,decrease,1.798635197115006%,9.750061768824484%
6,right,rem,2.0,decrease,1.8627517531299553%,0.63686438570444%
6,right,light,5.0,decrease,4.781079888695898%,17.227251485049823%
6,right,light,5.0,increase,-13.530700281264632%,19.06836771294142%
6,right,deep,2.0,decrease,4.3017020676354365%,3.3540750275867013%
6,right,rem,3.0,decrease,98.4916141107652%,4.415574968518083%
6,right,light,5.0,decrease,65.94884171345944%,223.22753568753356%
6,right,deep,4.0,decrease,2.8072665237437735%,4.724493439114452%
6,right,light,6.0,increase,-11.452388573969111%,9.071179511679425%
6,right,light,7.0,decrease,2.473364306969695%,11.28153649857194%
6,right,rem,2.0,decrease,3.2032822939589525%,1.8621852065632012%
6,right,light,11.0,decrease,14.844422815140007%,23.771699065975817%
6,right,light,6.0,decrease,0.8972557869477796%,9.32672955913223%
6,right,light,4.0,increase,-3.677987038176548%,25.610493432059396%
6,right,light,7.0,increase,-9.18144382473916%,8.224189927873246%
6,right,deep,3.0,increase,-49.62465943439183%,24.035575095662107%
6,right,rem,4.0,decrease,78.32047981012732%,199.97824101149027%
6,right,light,7.0,increase,-10.946389752020439%,11.215658155843238%
6,right,light,3.0,increase,-7.0016335923349065%,11.455738540054208%
6,right,light,7.0,decrease,6.691835732452598%,12.560885302043934%
6,right,rem,3.0,decrease,20.593344843202313%,25.75277465758401%
6,right,light,14.0,decrease,0.702329178271058%,11.5803026093887%
6,right,deep,5.0,increase,-0.025466884878568154%,14.662224115494658%
6,right,light,7.0,decrease,6.898370387641256%,15.723253700821962%
6,right,rem,2.0,increase,-15.20021787638657%,20.203076068994775%
6,right,light,3.0,increase,-8.853990322302682%,13.092137476369198%
6,right,rem,5.0,decrease,14.60251492782556%,11.565422816815163%
6,right,light,9.0,increase,-9.87171931295026%,18.716508647514306%
6,right,light,11.0,increase,-11.699904846932643%,18.323946756188825%
6,right,rem,2.0,decrease,0.18440236212781766%,10.10060023772843%
6,right,light,4.0,decrease,12.777152677713149%,9.622020036598766%
6,right,deep,5.0,increase,-1.6536861435079833%,11.570920762867136%
6,right,rem,2.0,decrease,7.2849179908429695%,10.87753432611041%
6,right,light,8.0,increase,-2.4108422919526364%,6.372765670114246%
6,right,deep,2.0,increase,-7.685209484071939%,10.100247002517154%
6,right,light,12.0,increase,-1.988582957849045%,9.854691417217047%
7,left,light,7.0,decrease,99.96194820653267%,8.46576163693172%
7,left,light,3.0,decrease,7.320046439628475%,7.634048704565371%
7,left,rem,2.0,increase,-0.17371146525621436%,0.6989523372519415%
7,left,light,5.0,increase,-1909.8147718723108%,220.86683600799398%
7,left,rem,2.0,increase,-463.9590785857063%,124.12260217341455%
7,left,light,9.0,increase,-581.3091612309427%,299.9791292117701%
7,left,rem,2.0,increase,-506.1794613923343%,108.85524435323823%
7,left,light,14.0,decrease,69.99600200187808%,10.801973276621306%
7,left,rem,2.0,increase,-456.50360903425593%,123.4088013920899%
7,left,restless,4.0,decrease,2.849472395054983%,4.849084227568127%
7,left,light,24.0,decrease,100.27521449606598%,158.29980168356602%
7,left,light,3.0,increase,-46.88840397180136%,58.53223334808706%
7,left,light,23.0,increase,-8.875156555705981%,201.72901611519114%
7,left,rem,3.0,increase,-23.346623559114843%,37.68348454455009%
7,left,light,5.0,decrease,39.72786021864417%,131.02843558463698%
7,left,light,6.0,increase,-385.8851825658257%,217.36151650863903%
7,left,rem,8.0,decrease,2.264093293269525%,204.05515246682674%
7,left,light,19.0,increase,-45.97643356733008%,282.35964333803173%
7,left,rem,2.0,decrease,26.983700097316987%,112.90187275494148%
7,left,deep,3.0,increase,-88.92851317842937%,31.410950875301886%
7,left,light,14.0,decrease,100.03277388772638%,235.85249803540685%
7,left,deep,9.0,increase,-6.672659545716261%,11.931560806608973%
7,left,light,2.0,decrease,2.8710156773837303%,1.7604318203814462%
7,left,rem,3.0,increase,-3.761397049372888%,16.545707646057977%
7,left,light,5.0,decrease,79.10930915225983%,201.31949396919288%
7,left,rem,2.0,increase,-328.2220909936899%,109.72907993547192%
7,left,light,3.0,decrease,3.440807957015557%,11.543632129046637%
7,left,rem,8.0,decrease,23.469979660917385%,34.09978191356637%
7,right,light,7.0,decrease,99.97430739608353%,29.30124363826185%
7,right,light,3.0,decrease,0.5818994959002456%,12.259972445735185%
7,right,rem,2.0,increase,-14.469282044689363%,4.29733402931051%
7,right,light,5.0,increase,-2376.278952434604%,223.5887179000135%
7,right,rem,2.0,increase,-512.3955047127699%,127.28972182810769%
7,right,light,9.0,increase,-580.7218661282561%,299.9304148223247%
7,right,rem,2.0,increase,-91.98442025367022%,25.448024897188642%
7,right,light,14.0,decrease,49.156485577555124%,23.42900811711712%
7,right,rem,2.0,increase,-414.21914722767366%,105.94447343305762%
7,right,restless,4.0,decrease,3.3568167555027646%,14.623755838059685%
7,right,light,24.0,decrease,100.30709455532241%,45.74865293060139%
7,right,light,3.0,increase,-20.71925516220902%,15.100104103008036%
7,right,light,23.0,increase,-22.310823358930293%,479.47253279023%
7,right,rem,3.0,decrease,102.62892601050811%,16.780367110831264%
7,right,light,5.0,increase,-2375.8312932046947%,223.59043831723525%
7,right,light,6.0,decrease,99.50926653746632%,207.45513650103905%
7,right,rem,8.0,decrease,33.60664174951811%,282.7418601553575%
7,right,light,19.0,increase,-16772.306091644587%,435.80283216170585%
7,right,rem,2.0,decrease,101.74441909618442%,5.809700049451093%
7,right,deep,3.0,increase,-201.16794143426233%,32.76642893745305%
7,right,light,14.0,increase,-137.24401850361397%,254.15474536628818%
7,right,deep,9.0,increase,-17.10469813064926%,25.9589183929773%
7,right,light,2.0,decrease,0.9236227202234597%,5.349501095634128%
7,right,rem,3.0,decrease,46.08151990439935%,83.22326989679388%
7,right,light,5.0,decrease,7.390556867597462%,8.391664635760124%
7,right,rem,2.0,increase,-24.34056649171302%,26.401241521309665%
7,right,light,3.0,decrease,0.9156250180799947%,0.5115457233387588%
7,right,rem,8.0,increase,-1521.8987051901947%,282.8028803655292%
8,left,light,3.0,decrease,42.68976988467968%,4.8762651061220605%
8,left,light,2.0,increase,-8.19558685966127%,0.939330041428624%
8,left,rem,4.0,increase,-9.785354580440004%,13.278127085980367%
8,left,light,19.0,decrease,20.636437050167906%,69.12464146314018%
8,left,rem,3.0,decrease,20.75879414497762%,22.802244158201866%
8,left,light,15.0,increase,-66.99346228424606%,47.24452265121963%
8,left,deep,5.0,increase,-5.57544992335001%,14.223926028392073%
8,left,rem,3.0,increase,-22.64225302836714%,14.669199108118663%
8,left,light,7.0,decrease,18.391256549525835%,55.62454547624495%
8,left,rem,8.0,increase,-50.04090446304499%,12.295670624302598%
8,left,light,7.0,decrease,27.510966461455922%,31.809893168406223%
8,left,rem,3.0,increase,-32.215736974496004%,4.2930304963832615%
8,left,light,2.0,increase,-111.47346109874175%,4.282035412918132%
8,left,deep,14.0,increase,-112.8711036888207%,84.74986082235282%
8,left,light,3.0,decrease,2.988165350433504%,9.491506357305719%
8,left,deep,2.0,decrease,15.167503408047759%,9.214854122086402%
8,left,light,4.0,increase,-8.227110668572438%,11.257257381624923%
8,left,rem,4.0,increase,-5.0760631456614735%,40.905390608756505%
8,left,light,3.0,increase,-8.908600408341785%,7.155567509337246%
8,left,rem,6.0,increase,-25.166663288860974%,18.618710148509663%
8,left,light,3.0,decrease,8.232893962027534%,24.36539381475521%
8,left,rem,3.0,increase,-0.4262169852297949%,7.481478135433682%
8,left,light,6.0,decrease,14.409757161756273%,21.415854205006074%
8,left,light,3.0,increase,-118.3388437666348%,21.00921370083154%
8,left,deep,6.0,decrease,43.238011989864575%,34.662099778994005%
8,left,light,2.0,decrease,7.5546590868196875%,22.435116003652496%
8,left,rem,5.0,decrease,4.747225246804784%,30.57692318840168%
8,left,light,3.0,decrease,24.322450095830042%,33.059777349948305%
8,left,rem,2.0,increase,-17.17741415849226%,20.291450749090714%
8,left,light,15.0,increase,-18.784695527767013%,49.87936904972431%
8,left,light,2.0,decrease,3.9062033340557187%,7.052508578763465%
8,left,light,2.0,increase,-6.616412555126239%,26.77647002287294%
8,left,light,11.0,increase,-10.004381652582097%,42.80843606437804%
8,left,rem,5.0,decrease,8.375144772853949%,13.210963955715796%
8,left,light,10.0,decrease,17.813975236801618%,15.784943026612824%
8,left,light,2.0,decrease,45.34695466095206%,9.881927066271627%
8,left,deep,16.0,increase,-77.27973370012366%,98.87093803435528%
8,left,light,5.0,increase,-8.99991522912541%,10.260537970530182%
8,left,light,3.0,decrease,1.4532634765328882%,4.521739808091304%
8,left,light,10.0,increase,-11.008333013068942%,27.565887075200152%
8,left,rem,6.0,increase,-0.06340289298893784%,20.586799737037893%
8,left,light,8.0,increase,-0.7964263286420892%,14.939550597411543%
8,left,deep,7.0,decrease,26.23812898372529%,93.38093070861481%
8,left,light,5.0,decrease,24.971635405178084%,27.671926552486664%
8,left,deep,5.0,increase,-9.520612372999326%,26.192042397679604%
8,left,light,2.0,decrease,0.2236484546802045%,0.732753141125956%
8,left,rem,5.0,increase,-235.00589598464185%,40.78954885769237%
8,left,light,9.0,decrease,55.192683524536555%,44.649671397543926%
8,left,rem,6.0,increase,-23.73537209520269%,32.673031974950064%
8,left,light,12.0,increase,-3.124384437305548%,22.29976388549149%
8,left,rem,2.0,increase,-2.4064138115497147%,0.1614399043804903%
9,left,light,2.0,increase,-44.40839489797435%,13.062008036128054%
9,left,deep,8.0,increase,-24.637354227391523%,25.615201937851946%
9,left,light,3.0,decrease,54.36407219402143%,28.013218298521853%
9,left,rem,3.0,increase,-102.14442110754194%,47.45679414754832%
9,left,rem,3.0,decrease,18.056480697205014%,1.7634980684272061%
9,left,light,13.0,increase,-0.8994506589135463%,33.15298583394036%
9,left,light,7.0,decrease,40.41278619751512%,1.8652025876705545%
9,left,light,2.0,increase,-0.6730591649498584%,8.851821592285313%
9,left,deep,7.000000000000001,increase,-75.91178652371525%,93.94129917576683%
9,left,rem,12.0,decrease,30.8948640116949%,38.59731027426245%
9,left,light,4.0,decrease,0.39101129611643093%,20.30400179146382%
9,left,light,3.0,decrease,24.346355686734743%,26.753205726196832%
9,left,rem,3.0,decrease,5.8754116242054755%,11.212310657513111%
9,left,light,12.0,decrease,4.467550688389796%,38.985200200271855%
9,left,deep,4.0,increase,-71.71482358994315%,48.41545324882736%
9,left,light,3.0,decrease,0.06391271089932321%,5.561639392628269%
9,left,light,15.0,increase,-5.171245862830492%,38.14313252162371%
9,left,rem,8.0,increase,-72.89276570685797%,46.69410104562276%
9,left,light,9.0,increase,-4.770222756140294%,23.108311712759463%
9,left,deep,2.0,decrease,3.0644029122780503%,0.3396830013706393%
9,left,light,6.0,decrease,4.428225838728518%,5.331233371099951%
9,left,rem,7.0,decrease,28.76410665518958%,31.537312622510715%
9,left,light,12.0,increase,-13.99362896038081%,26.271784369787632%
9,left,light,5.0,decrease,34.892447677617234%,26.194156809446774%
9,left,light,2.0,decrease,33.39595679633673%,11.152512519708303%
9,left,deep,4.0,increase,-0.25773862363611494%,15.392340792526701%
9,left,light,3.0,increase,-5.259229596191267%,11.099580435985356%
9,left,deep,2.0,decrease,22.768060950328174%,75.58148492492789%
9,left,light,6.999999999999999,increase,-6.722315931772176%,29.540715662048108%
9,left,rem,9.0,decrease,36.32035927835742%,47.7388659584496%
9,left,rem,3.0,decrease,3.405512778088303%,6.683000570122457%
9,left,rem,2.0,increase,-19.70183437145487%,21.03788770472373%
9,left,light,3.0,increase,-3.0424511998478643%,6.8308079170828%
9,left,light,9.0,decrease,4.833724876569431%,46.17108830578996%
9,left,deep,2.0,increase,-8.514091552856998%,15.217268741324533%
9,left,light,12.0,increase,-3.814860973560345%,23.496875634442368%
9,left,light,8.0,decrease,3.9320181554394567%,13.990381880230457%
9,left,light,6.0,decrease,40.579368969732194%,8.27531517926165%
9,left,deep,3.0,increase,-36.32452342572385%,57.05104511616048%
9,left,light,4.0,increase,-9.513768674875877%,76.0912348650302%
9,left,light,5.0,decrease,5.860716840685396%,15.154181792747679%
9,left,rem,13.0,decrease,22.37943701843817%,31.99976994567778%
9,left,rem,3.0,decrease,22.070475315799857%,23.849147651402134%
9,left,light,2.0,increase,-0.816476487387286%,2.9874788137009745%
9,left,deep,2.0,decrease,25.488691083082255%,54.81076292587249%
9,left,light,4.0,decrease,10.075577531044056%,16.45105777422318%
9,left,light,5.0,increase,-0.6926648807304843%,12.000315582098196%
10,left,light,2.0,increase,-12.010068864962134%,21.175390238741528%
10,left,light,8.0,decrease,21.394944168725008%,42.9626334935525%
10,left,light,3.0,increase,-3.839516012626841%,7.051282051282051%
10,left,light,7.0,increase,-30.555140110674508%,26.368171058978046%
10,left,rem,3.0,increase,-31.1490278560338%,31.818181818181817%
10,left,light,20.0,decrease,22.128983577934594%,39.11519696016031%
10,left,deep,5.0,increase,-8.482444468385669%,28.213065996240772%
10,left,light,9.0,increase,-15.159940719610226%,26.109272584036493%
10,left,deep,4.0,decrease,5.068708023302574%,8.016318956227703%
10,left,light,9.0,increase,-13.635589772925123%,25.025622321176844%
10,left,light,5.0,increase,-14.794885684987225%,15.6844075582868%
10,left,rem,5.0,decrease,6.169228362178787%,4.492429196407925%
10,left,light,6.0,decrease,63.580530977218594%,53.761395167343665%
10,left,light,3.0,increase,-27.003164556962023%,20.044517083694053%
10,left,deep,3.0,decrease,1.5209788870666179%,18.412742945182462%
10,left,rem,6.0,increase,-7.311654471762939%,24.987420987659274%
10,left,light,5.0,decrease,21.83761698893059%,41.2874691384931%
10,left,rem,2.0,decrease,15.753055160745626%,30.935921676911455%
10,left,light,7.0,increase,-12.32139659399354%,41.69096753057154%
10,left,rem,2.0,decrease,7.846582146383669%,9.598734586242728%
10,left,light,8.0,decrease,48.527303823738464%,11.11632745943321%
10,left,deep,5.0,decrease,20.50398255637671%,41.80287835593625%
10,left,light,3.0,increase,-72.45906925124478%,34.11803129224686%
10,left,deep,2.0,increase,-2.119160878786818%,5.378440841239959%
10,left,rem,2.0,decrease,22.81264889218955%,31.77735448900093%
10,left,light,5.0,decrease,19.71686391536111%,26.037366311600035%
10,left,rem,4.0,increase,-27.130775337629913%,17.385583205672468%
10,left,light,23.0,decrease,3.8744404296300696%,30.078287456876453%
10,left,light,26.0,increase,-3.308415391208621%,66.79056343521242%
10,left,light,4.0,decrease,17.717121745825306%,43.99286900146521%
10,left,deep,2.0,decrease,11.772446820086783%,8.22815163562528%
10,left,deep,2.0,decrease,23.17077264010506%,26.150591171756403%
10,left,light,3.0,increase,-20.47850527322777%,28.88043973240149%
10,left,deep,2.0,decrease,11.233264004164955%,14.974025954538654%
10,left,light,5.0,increase,-6.18479081933101%,16.744183993859675%
10,left,rem,2.0,increase,-6.81207603297784%,5.527870602109817%
10,left,light,5.0,decrease,5.122723605449121%,25.308660221483294%
10,left,rem,2.0,increase,-38.33415348319391%,46.38620484583752%
10,left,light,4.0,decrease,2.7410547189949246%,44.16613117123557%
10,left,rem,2.0,decrease,1.7242030560165988%,2.0203050891044216%
10,left,light,6.0,increase,-0.6167189094192006%,9.723215693724034%
10,left,light,3.0,decrease,3.9753833098209275%,3.887696856907837%
10,left,deep,2.0,decrease,5.36277635930602%,8.495275816375482%
10,left,light,3.0,decrease,8.689973685043777%,8.573281015071995%
10,left,deep,2.0,increase,-5.004084284273173%,6.6871744630601695%
10,left,light,3.0,decrease,3.8539348792372876%,3.4069257193462343%
10,left,rem,3.0,decrease,9.364298650836442%,34.63984045767213%
10,left,light,2.0,decrease,3.7959480548299998%,5.201135693491243%
10,left,deep,2.0,increase,-4.120590786613021%,6.274667682884038%
10,right,light,2.0,decrease,5.659946632206083%,12.67792461218305%
10,right,light,8.0,decrease,4.875179933748743%,16.207993127811456%
10,right,light,3.0,increase,-8.0334339640015%,6.226056806775641%
10,right,light,6.999999999999999,increase,-383.17026610624333%,198.22717078896466%
10,right,rem,3.0,decrease,9.74847228823582%,6.9407177510676%
10,right,light,20.0,decrease,9.446269077294946%,72.34279588185419%
10,right,deep,5.0,decrease,7.676539314851845%,30.998240983273856%
10,right,light,9.0,decrease,1.361167080686219%,41.497870697362885%
10,right,deep,4.0,decrease,6.712259985944409%,9.739905100821499%
10,right,light,9.0,increase,-13.32518025750227%,58.58901243291845%
10,right,light,5.0,increase,-6.219399275573996%,3.4088108981733525%
10,right,rem,5.0,increase,-0.6108446174730926%,1.8691790622078672%
10,right,light,6.0,decrease,49.106199230383915%,42.00086304989032%
10,right,light,3.0,increase,-27.364980156278936%,17.063321769791067%
10,right,deep,3.0,decrease,16.222122281923408%,18.022978481712705%
10,right,rem,6.0,increase,-5.809367966345035%,10.664240131025343%
10,right,light,5.0,decrease,92.20495134786479%,17.984832069339113%
10,right,rem,2.0,increase,-147.80497846685796%,129.1841953170255%
10,right,light,7.0,increase,-51.30832394362533%,136.00497060891024%
10,right,rem,2.0,increase,-18.0236116190513%,12.348157958117632%
10,right,light,8.0,decrease,47.63435813158712%,12.63565704355771%
10,right,deep,5.0,decrease,27.682993211736534%,26.780006689236984%
10,right,light,3.0,increase,-61.04556013746622%,30.656893019711912%
10,right,deep,2.0,decrease,7.49675517968046%,4.275529374616334%
10,right,rem,2.0,decrease,5.188203662447114%,5.904557643309256%
10,right,light,5.0,increase,-14.5271334045294%,51.001111993410596%
10,right,rem,4.0,increase,-17.026648589651426%,9.95295084071344%
10,right,light,23.0,increase,-83.56314022630079%,159.33501261154663%
10,right,light,26.0,decrease,15.131598049996043%,205.97885602712682%
10,right,light,4.0,decrease,12.077033833715232%,42.199935960825066%
10,right,deep,2.0,decrease,5.796403373834819%,4.821614024735116%
10,right,deep,2.0,decrease,10.547960612845692%,18.61729037149569%
10,right,light,3.0,decrease,1.309072533271757%,2.3246442578049598%
10,right,deep,2.0,decrease,8.484777487254718%,18.274339421917166%
10,right,light,5.0,increase,-3.1176177699953853%,11.79299747034601%
10,right,rem,2.0,increase,-18.856018633155102%,18.42328399460946%
10,right,light,5.0,increase,-9.123923535189775%,21.304686515862702%
10,right,rem,2.0,increase,-34.69662741430245%,38.762170446200464%
10,right,light,4.0,increase,-7.747917023607201%,8.739178512568234%
10,right,rem,2.0,increase,-2.8233989131866952%,1.2457998754999533%
10,right,light,6.0,increase,-0.18526127730010475%,7.802268576743858%
10,right,light,3.0,decrease,15.729526825267614%,11.409933704673104%
10,right,deep,2.0,decrease,45.66112142256059%,129.0148240004752%
10,right,light,3.0,decrease,17.506148437852882%,20.301640910245432%
10,right,deep,2.0,decrease,1.1166249940694863%,3.5783181446183927%
10,right,light,3.0,decrease,10.217649503128008%,18.496468504803826%
10,right,rem,3.0,increase,-4.910545165800614%,54.52184482937391%
10,right,light,2.0,increase,-0.8110535005648354%,3.2104734673623043%
10,right,deep,2.0,increase,-36.19108529465875%,38.4742863051533%
